{
  "project_info": {
    "project_number": "1046928875257",
    "firebase_url": "https://eekhgames-default-rtdb.firebaseio.com",
    "project_id": "eekhgames",
    "storage_bucket": "eekhgames.appspot.com"
  },
  "client": [
   {
      "client_info": {
        "mobilesdk_app_id": "1:1046928875257:android:4e183c24644a1af4514c28",
        "android_client_info": {
          "package_name": "com.kushagra123.myapp"
        }
      },
      "oauth_client": [
        {
          "client_id": "1046928875257-2f61fea9s0g6vu45i197v9d93n0q87nd.apps.googleusercontent.com",
          "client_type": 1,
          "android_info": {
            "package_name": "com.kushagra123.myapp",
            "certificate_hash": "3b9408049f15bb570b22341766d3e2d61400c9f4"
          }
        },
        {
          "client_id": "1046928875257-rrb73ugnrubrm4v59s8khd15kjo4839o.apps.googleusercontent.com",
          "client_type": 1,
          "android_info": {
            "package_name": "com.kushagra123.myapp",
            "certificate_hash": "ab68c8dd738f36c21ea559e8d778f0bbc53f3f5c"
          }
        },
        {
          "client_id": "1046928875257-sqk9tfovo8monvbtv9b3ola9cbvulb8v.apps.googleusercontent.com",
          "client_type": 3
        }
      ],
      "api_key": [
        {
          "current_key": "AIzaSyBMboML-fQhxZ3MoLwqO5HfGZXIimPAhAU"
        }
      ],
      "services": {
        "appinvite_service": {
          "other_platform_oauth_client": [
            {
              "client_id": "1046928875257-sqk9tfovo8monvbtv9b3ola9cbvulb8v.apps.googleusercontent.com",
              "client_type": 3
            }
          ]
        }
      }
    }
  ],
  "configuration_version": "1"
}